{
  "L": {
    "0": {
      "L": 0.2738,
      "M": 14.914,
      "S": 0.09035
    },
    "1": {
      "L": 0.1154,
      "M": 16.2941,
      "S": 0.08684
    },
    "2": {
      "L": 0.0077,
      "M": 16.895,
      "S": 0.08496
    },
    "3": {
      "L": -0.0709,
      "M": 17.1533,
      "S": 0.08381
    },
    "4": {
      "L": -0.1366,
      "M": 17.2914,
      "S": 0.08297
    },
    "5": {
      "L": -0.1903,
      "M": 17.3419,
      "S": 0.08235
    },
    "6": {
      "L": -0.2384,
      "M": 17.3289,
      "S": 0.08183
    },
    "7": {
      "L": -0.2795,
      "M": 17.2661,
      "S": 0.08141
    },
    "8": {
      "L": -0.3165,
      "M": 17.1696,
      "S": 0.08103
    },
    "9": {
      "L": -0.3512,
      "M": 17.0503,
      "S": 0.08068
    },
    "10": {
      "L": -0.382,
      "M": 16.9273,
      "S": 0.08038
    },
    "11": {
      "L": -0.4113,
      "M": 16.7992,
      "S": 0.08009
    },
    "12": {
      "L": -0.4376,
      "M": 16.6771,
      "S": 0.07983
    },
    "13": {
      "L": -0.4629,
      "M": 16.5553,
      "S": 0.07958
    },
    "14": {
      "L": -0.4859,
      "M": 16.4429,
      "S": 0.07935
    },
    "15": {
      "L": -0.5082,
      "M": 16.3335,
      "S": 0.07913
    },
    "16": {
      "L": -0.5286,
      "M": 16.2343,
      "S": 0.07893
    },
    "17": {
      "L": -0.5479,
      "M": 16.1418,
      "S": 0.07873
    },
    "18": {
      "L": -0.5667,
      "M": 16.0536,
      "S": 0.07854
    },
    "19": {
      "L": -0.5841,
      "M": 15.9761,
      "S": 0.07836
    },
    "20": {
      "L": -0.6013,
      "M": 15.9043,
      "S": 0.07818
    },
    "21": {
      "L": -0.6171,
      "M": 15.8424,
      "S": 0.07802
    },
    "22": {
      "L": -0.6328,
      "M": 15.7853,
      "S": 0.07786
    },
    "23": {
      "L": -0.6473,
      "M": 15.7356,
      "S": 0.07771
    },
    "24": {
      "L": -0.5851,
      "M": 15.9812,
      "S": 0.07791
    },
    "25": {
      "L": -0.5501,
      "M": 15.9418,
      "S": 0.07799
    },
    "26": {
      "L": -0.5175,
      "M": 15.9046,
      "S": 0.07808
    },
    "27": {
      "L": -0.4853,
      "M": 15.867,
      "S": 0.07818
    },
    "28": {
      "L": -0.4559,
      "M": 15.8314,
      "S": 0.07829
    },
    "29": {
      "L": -0.4275,
      "M": 15.7954,
      "S": 0.07841
    },
    "30": {
      "L": -0.4021,
      "M": 15.7612,
      "S": 0.07853
    },
    "31": {
      "L": -0.3782,
      "M": 15.7267,
      "S": 0.07867
    },
    "32": {
      "L": -0.3575,
      "M": 15.6939,
      "S": 0.07882
    },
    "33": {
      "L": -0.3393,
      "M": 15.6619,
      "S": 0.07897
    },
    "34": {
      "L": -0.3233,
      "M": 15.6297,
      "S": 0.07913
    },
    "35": {
      "L": -0.3104,
      "M": 15.5995,
      "S": 0.07931
    },
    "36": {
      "L": -0.3,
      "M": 15.5695,
      "S": 0.07949
    },
    "37": {
      "L": -0.2929,
      "M": 15.5415,
      "S": 0.07969
    },
    "38": {
      "L": -0.2884,
      "M": 15.5141,
      "S": 0.0799
    },
    "39": {
      "L": -0.2869,
      "M": 15.4889,
      "S": 0.08012
    },
    "40": {
      "L": -0.2881,
      "M": 15.4645,
      "S": 0.08036
    },
    "41": {
      "L": -0.2918,
      "M": 15.4423,
      "S": 0.08061
    },
    "42": {
      "L": -0.2979,
      "M": 15.4216,
      "S": 0.08086
    },
    "43": {
      "L": -0.3066,
      "M": 15.4015,
      "S": 0.08114
    },
    "44": {
      "L": -0.3171,
      "M": 15.3831,
      "S": 0.08143
    },
    "45": {
      "L": -0.3302,
      "M": 15.3652,
      "S": 0.08174
    },
    "46": {
      "L": -0.3449,
      "M": 15.3488,
      "S": 0.08205
    },
    "47": {
      "L": -0.3622,
      "M": 15.3326,
      "S": 0.08238
    },
    "48": {
      "L": -0.3808,
      "M": 15.3176,
      "S": 0.08272
    },
    "49": {
      "L": -0.4013,
      "M": 15.3033,
      "S": 0.08306
    },
    "50": {
      "L": -0.4243,
      "M": 15.2892,
      "S": 0.08343
    },
    "51": {
      "L": -0.4482,
      "M": 15.2762,
      "S": 0.08379
    },
    "52": {
      "L": -0.4745,
      "M": 15.2634,
      "S": 0.08418
    },
    "53": {
      "L": -0.5013,
      "M": 15.2516,
      "S": 0.08456
    },
    "54": {
      "L": -0.5302,
      "M": 15.24,
      "S": 0.08496
    },
    "55": {
      "L": -0.5594,
      "M": 15.2293,
      "S": 0.08535
    },
    "56": {
      "L": -0.5906,
      "M": 15.2188,
      "S": 0.08577
    },
    "57": {
      "L": -0.6219,
      "M": 15.2092,
      "S": 0.08617
    },
    "58": {
      "L": -0.6543,
      "M": 15.2003,
      "S": 0.08657
    },
    "59": {
      "L": -0.6889,
      "M": 15.1917,
      "S": 0.08699
    },
    "60": {
      "L": -0.7235,
      "M": 15.184,
      "S": 0.0874
    }
  },
  "P": {
    "0": {
      "L": 0.3481,
      "M": 14.5422,
      "S": 0.09559
    },
    "1": {
      "L": 0.1787,
      "M": 15.7444,
      "S": 0.09375
    },
    "2": {
      "L": 0.0652,
      "M": 16.3531,
      "S": 0.09255
    },
    "3": {
      "L": -0.0173,
      "M": 16.6647,
      "S": 0.09168
    },
    "4": {
      "L": -0.086,
      "M": 16.8379,
      "S": 0.09096
    },
    "5": {
      "L": -0.1418,
      "M": 16.9077,
      "S": 0.09037
    },
    "6": {
      "L": -0.1915,
      "M": 16.9021,
      "S": 0.08984
    },
    "7": {
      "L": -0.2337,
      "M": 16.8417,
      "S": 0.08939
    },
    "8": {
      "L": -0.2714,
      "M": 16.7441,
      "S": 0.08899
    },
    "9": {
      "L": -0.3064,
      "M": 16.62,
      "S": 0.08862
    },
    "10": {
      "L": -0.3373,
      "M": 16.491,
      "S": 0.08828
    },
    "11": {
      "L": -0.3665,
      "M": 16.3578,
      "S": 0.08797
    },
    "12": {
      "L": -0.3926,
      "M": 16.2339,
      "S": 0.08769
    },
    "13": {
      "L": -0.4176,
      "M": 16.1132,
      "S": 0.08741
    },
    "14": {
      "L": -0.4403,
      "M": 16.0048,
      "S": 0.08717
    },
    "15": {
      "L": -0.4623,
      "M": 15.9017,
      "S": 0.08693
    },
    "16": {
      "L": -0.4823,
      "M": 15.8108,
      "S": 0.08671
    },
    "17": {
      "L": -0.5012,
      "M": 15.7286,
      "S": 0.08651
    },
    "18": {
      "L": -0.5197,
      "M": 15.6524,
      "S": 0.08631
    },
    "19": {
      "L": -0.5368,
      "M": 15.587,
      "S": 0.08612
    },
    "20": {
      "L": -0.5536,
      "M": 15.5281,
      "S": 0.08594
    },
    "21": {
      "L": -0.5692,
      "M": 15.4797,
      "S": 0.08577
    },
    "22": {
      "L": -0.5846,
      "M": 15.4381,
      "S": 0.0856
    },
    "23": {
      "L": -0.5989,
      "M": 15.4052,
      "S": 0.08545
    },
    "24": {
      "L": -0.5684,
      "M": 15.6599,
      "S": 0.08452
    },
    "25": {
      "L": -0.5684,
      "M": 15.6311,
      "S": 0.08449
    },
    "26": {
      "L": -0.5684,
      "M": 15.6044,
      "S": 0.08446
    },
    "27": {
      "L": -0.5684,
      "M": 15.5779,
      "S": 0.08444
    },
    "28": {
      "L": -0.5684,
      "M": 15.5529,
      "S": 0.08443
    },
    "29": {
      "L": -0.5684,
      "M": 15.5277,
      "S": 0.08444
    },
    "30": {
      "L": -0.5684,
      "M": 15.5038,
      "S": 0.08448
    },
    "31": {
      "L": -0.5684,
      "M": 15.4798,
      "S": 0.08455
    },
    "32": {
      "L": -0.5684,
      "M": 15.4575,
      "S": 0.08467
    },
    "33": {
      "L": -0.5684,
      "M": 15.4362,
      "S": 0.08483
    },
    "34": {
      "L": -0.5684,
      "M": 15.4157,
      "S": 0.08506
    },
    "35": {
      "L": -0.5684,
      "M": 15.3972,
      "S": 0.08534
    },
    "36": {
      "L": -0.5684,
      "M": 15.3797,
      "S": 0.08569
    },
    "37": {
      "L": -0.5684,
      "M": 15.3641,
      "S": 0.08608
    },
    "38": {
      "L": -0.5684,
      "M": 15.3493,
      "S": 0.08654
    },
    "39": {
      "L": -0.5684,
      "M": 15.336,
      "S": 0.08703
    },
    "40": {
      "L": -0.5684,
      "M": 15.3233,
      "S": 0.08757
    },
    "41": {
      "L": -0.5684,
      "M": 15.3117,