{
  "L": {
    "0": {
      "L": 1.0,
      "M": 54.6645,
      "S": 0.03559
    },
    "1": {
      "L": 1.0,
      "M": 58.3299,
      "S": 0.03427
    },
    "2": {
      "L": 1.0,
      "M": 61.4013,
      "S": 0.03329
    },
    "3": {
      "L": 1.0,
      "M": 63.8313,
      "S": 0.03259
    },
    "4": {
      "L": 1.0,
      "M": 65.8912,
      "S": 0.03204
    },
    "5": {
      "L": 1.0,
      "M": 67.5904,
      "S": 0.03166
    },
    "6": {
      "L": 1.0,
      "M": 69.1615,
      "S": 0.03139
    },
    "7": {
      "L": 1.0,
      "M": 70.5764,
      "S": 0.03124
    },
    "8": {
      "L": 1.0,
      "M": 71.9273,
      "S": 0.03117
    },
    "9": {
      "L": 1.0,
      "M": 73.2653,
      "S": 0.03118
    },
    "10": {
      "L": 1.0,
      "M": 74.5059,
      "S": 0.03125
    },
    "11": {
      "L": 1.0,
      "M": 75.7391,
      "S": 0.03137
    },
    "12": {
      "L": 1.0,
      "M": 76.8926,
      "S": 0.03154
    },
    "13": {
      "L": 1.0,
      "M": 78.0451,
      "S": 0.03174
    },
    "14": {
      "L": 1.0,
      "M": 79.1258,
      "S": 0.03196
    },
    "15": {
      "L": 1.0,
      "M": 80.2113,
      "S": 0.03222
    },
    "16": {
      "L": 1.0,
      "M": 81.234,
      "S": 0.03249
    },
    "17": {
      "L": 1.0,
      "M": 82.23,
      "S": 0.03278
    },
    "18": {
      "L": 1.0,
      "M": 83.2318,
      "S": 0.0331
    },
    "19": {
      "L": 1.0,
      "M": 84.1763,
      "S": 0.03341
    },
    "20": {
      "L": 1.0,
      "M": 85.1291,
      "S": 0.03375
    },
    "21": {
      "L": 1.0,
      "M": 86.0292,
      "S": 0.03409
    },
    "22": {
      "L": 1.0,
      "M": 86.9392,
      "S": 0.03445
    },
    "23": {
      "L": 1.0,
      "M": 87.8018,
      "S": 0.03479
    },
    "24": {
      "L": 1.0,
      "M": 87.946,
      "S": 0.03541
    },
    "25": {
      "L": 1.0,
      "M": 88.7964,
      "S": 0.03576
    },
    "26": {
      "L": 1.0,
      "M": 89.5983,
      "S": 0.03609
    },
    "27": {
      "L": 1.0,
      "M": 90.4056,
      "S": 0.03642
    },
    "28": {
      "L": 1.0,
      "M": 91.1656,
      "S": 0.03673
    },
    "29": {
      "L": 1.0,
      "M": 91.9297,
      "S": 0.03704
    },
    "30": {
      "L": 1.0,
      "M": 92.6498,
      "S": 0.03732
    },
    "31": {
      "L": 1.0,
      "M": 93.3753,
      "S": 0.03761
    },
    "32": {
      "L": 1.0,
      "M": 94.0612,
      "S": 0.03787
    },
    "33": {
      "L": 1.0,
      "M": 94.7337,
      "S": 0.03811
    },
    "34": {
      "L": 1.0,
      "M": 95.4168,
      "S": 0.03836
    },
    "35": {
      "L": 1.0,
      "M": 96.0674,
      "S": 0.03858
    },
    "36": {
      "L": 1.0,
      "M": 96.7298,
      "S": 0.03879
    },
    "37": {
      "L": 1.0,
      "M": 97.3618,
      "S": 0.03899
    },
    "38": {
      "L": 1.0,
      "M": 98.006,
      "S": 0.03919
    },
    "39": {
      "L": 1.0,
      "M": 98.6209,
      "S": 0.03937
    },
    "40": {
      "L": 1.0,
      "M": 99.2471,
      "S": 0.03954
    },
    "41": {
      "L": 1.0,
      "M": 99.8441,
      "S": 0.0397
    },
    "42": {
      "L": 1.0,
      "M": 100.4327,
      "S": 0.03986
    },
    "43": {
      "L": 1.0,
      "M": 101.0326,
      "S": 0.04002
    },
    "44": {
      "L": 1.0,
      "M": 101.6056,
      "S": 0.04016
    },
    "45": {
      "L": 1.0,
      "M": 102.191,
      "S": 0.04031
    },
    "46": {
      "L": 1.0,
      "M": 102.752,
      "S": 0.04045
    },
    "47": {
      "L": 1.0,
      "M": 103.3273,
      "S": 0.04059
    },
    "48": {
      "L": 1.0,
      "M": 103.8806,
      "S": 0.04073
    },
    "49": {
      "L": 1.0,
      "M": 104.4313,
      "S": 0.04086
    },
    "50": {
      "L": 1.0,
      "M": 104.9984,
      "S": 0.041
    },
    "51": {
      "L": 1.0,
      "M": 105.5459,
      "S": 0.04113
    },
    "52": {
      "L": 1.0,
      "M": 106.1104,
      "S": 0.04126
    },
    "53": {
      "L": 1.0,
      "M": 106.6555,
      "S": 0.04139
    },
    "54": {
      "L": 1.0,
      "M": 107.2176,
      "S": 0.04152
    },
    "55": {
      "L": 1.0,
      "M": 107.7607,
      "S": 0.04165
    },
    "56": {
      "L": 1.0,
      "M": 108.3209,
      "S": 0.04177
    },
    "57": {
      "L": 1.0,
      "M": 108.8621,
      "S": 0.0419
    },
    "58": {
      "L": 1.0,
      "M": 109.4023,
      "S": 0.04202
    },
    "59": {
      "L": 1.0,
      "M": 109.9593,
      "S": 0.04214
    },
    "60": {
      "L": 1.0,
      "M": 110.4969,
      "S": 0.04226
    }
  },
  "P": {
    "0": {
      "L": 1.0,
      "M": 53.6326,
      "S": 0.03641
    },
    "1": {
      "L": 1.0,
      "M": 56.9805,
      "S": 0.0357
    },
    "2": {
      "L": 1.0,
      "M": 59.7773,
      "S": 0.0352
    },
    "3": {
      "L": 1.0,
      "M": 62.0381,
      "S": 0.03487
    },
    "4": {
      "L": 1.0,
      "M": 64.019,
      "S": 0.03463
    },
    "5": {
      "L": 1.0,
      "M": 65.6978,
      "S": 0.03448
    },
    "6": {
      "L": 1.0,
      "M": 67.2842,
      "S": 0.03441
    },
    "7": {
      "L": 1.0,
      "M": 68.7264,
      "S": 0.0344
    },
    "8": {
      "L": 1.0,
      "M": 70.1015,
      "S": 0.03444
    },
    "9": {
      "L": 1.0,
      "M": 71.4656,
      "S": 0.03452
    },
    "10": {
      "L": 1.0,
      "M": 72.7372,
      "S": 0.03464
    },
    "11": {
      "L": 1.0,
      "M": 74.0049,
      "S": 0.03479
    },
    "12": {
      "L": 1.0,
      "M": 75.1908,
      "S": 0.03495
    },
    "13": {
      "L": 1.0,
      "M": 76.377,
      "S": 0.03514
    },
    "14": {
      "L": 1.0,
      "M": 77.4893,
      "S": 0.03534
    },
    "15": {
      "L": 1.0,
      "M": 78.6055,
      "S": 0.03555
    },
    "16": {
      "L": 1.0,
      "M": 79.6559,
      "S": 0.03576
    },
    "17": {
      "L": 1.0,
      "M": 80.6785,
      "S": 0.03597
    },
    "18": {
      "L": 1.0,
      "M": 81.708,
      "S": 0.0362
    },
    "19": {
      "L": 1.0,
      "M": 82.6796,
      "S": 0.03642
    },
    "20": {
      "L": 1.0,
      "M": 83.6595,
      "S": 0.03665
    },
    "21": {
      "L": 1.0,
      "M": 84.585,
      "S": 0.03688
    },
    "22": {
      "L": 1.0,
      "M": 85.5184,
      "S": 0.03711
    },
    "23": {
      "L": 1.0,
      "M": 86.4008,
      "S": 0.03733
    },
    "24": {
      "L": 1.0,
      "M": 86.5638,
      "S": 0.03786
    },
    "25": {
      "L": 1.0,
      "M": 87.4358,
      "S": 0.03808
    },
    "26": {
      "L": 1.0,
      "M": 88.2609,
      "S": 0.03829
    },
    "27": {
      "L": 1.0,
      "M": 89.0938,
      "S": 0.03851
    },
    "28": {
      "L": 1.0,
      "M": 89.8813,
      "S": 0.03872
    },
    "29": {
      "L": 1.0,
      "M": 90.6765,
      "S": 0.03893
    },
    "30": {
      "L": 1.0,
      "M": 91.4291,
      "S": 0.03913
    },
    "31": {
      "L": 1.0,
      "M": 92.1906,
      "S": 0.03933
    },
    "32": {
      "L": 1.0,
      "M": 92.9135,
      "S": 0.03952
    },
    "33": {
      "L": 1.0,
      "M": 93.6239,
      "S": 0.0397
    },
    "34": {
      "L": 1.0,
      "M": 94.346,
      "S": 0.03989
    },
    "35": {
      "L": 1.0,
      "M": 95.0344,
      "S": 0.04006
    },
    "36": {
      "L": 1.0,
      "M": 95.7356,
      "S": 0.04024
    },
    "37": {
      "L": 1.0,
      "M": 96.4049,
      "S": 0.0404
    },
    "38": {
      "L": 1.0,
      "M": 97.0871,
      "S": 0.04057
    },
    "39": {
      "L": 1.0,
      "M": 97.7385,
      "S": 0.04073
    },
    "40": {
      "L": 1.0,
      "M": 98.4028,
      "S": 0.04089
    },
    "41": {
      "L": 1.0,
      "M": 99.0369,
      "S": 0.04105
    },
    "42": {
      "L": 1.0,
      "M": 99.6627,
      "S": 0.0412
    },
    "43": {
      "L": 1.0,
      "M": 100.3007,
      "S": 0.04135
    },
    "44": {
      "L": 1.0,
      "M": 100.9099,
      "S": 0.04149
    },
    "45": {
      "L": 1.0,
      "M": 101.5312,
      "S": 0.04164
    },
    "46": {
      "L": 1.0,
      "M": 102.1249,
      "S": 0.04178
    },