{
  "L": {
    "0": {
      "L": 0.2303,
      "M": 4.4525,
      "S": 0.13413
    },
    "1": {
      "L": 0.1978,
      "M": 5.5407,
      "S": 0.12409
    },
    "2": {
      "L": 0.174,
      "M": 6.369,
      "S": 0.11732
    },
    "3": {
      "L": 0.1557,
      "M": 6.9885,
      "S": 0.11324
    },
    "4": {
      "L": 0.1396,
      "M": 7.5077,
      "S": 0.11081
    },
    "5": {
      "L": 0.126,
      "M": 7.926,
      "S": 0.10959
    },
    "6": {
      "L": 0.1134,
      "M": 8.2963,
      "S": 0.10902
    },
    "7": {
      "L": 0.1023,
      "M": 8.6102,
      "S": 0.10882
    },
    "8": {
      "L": 0.092,
      "M": 8.8929,
      "S": 0.10881
    },
    "9": {
      "L": 0.0821,
      "M": 9.1618,
      "S": 0.1089
    },
    "10": {
      "L": 0.0732,
      "M": 9.4057,
      "S": 0.10905
    },
    "11": {
      "L": 0.0645,
      "M": 9.646,
      "S": 0.10925
    },
    "12": {
      "L": 0.0565,
      "M": 9.8699,
      "S": 0.10948
    },
    "13": {
      "L": 0.0487,
      "M": 10.0944,
      "S": 0.10976
    },
    "14": {
      "L": 0.0414,
      "M": 10.3069,
      "S": 0.11007
    },
    "15": {
      "L": 0.0343,
      "M": 10.5228,
      "S": 0.11041
    },
    "16": {
      "L": 0.0276,
      "M": 10.7289,
      "S": 0.11078
    },
    "17": {
      "L": 0.0212,
      "M": 10.9326,
      "S": 0.11118
    },
    "18": {
      "L": 0.0149,
      "M": 11.1409,
      "S": 0.11163
    },
    "19": {
      "L": 0.0089,
      "M": 11.3412,
      "S": 0.1121
    },
    "20": {
      "L": 0.0029,
      "M": 11.5474,
      "S": 0.11261
    },
    "21": {
      "L": -0.0027,
      "M": 11.7462,
      "S": 0.11313
    },
    "22": {
      "L": -0.0083,
      "M": 11.951,
      "S": 0.11369
    },
    "23": {
      "L": -0.0136,
      "M": 12.1482,
      "S": 0.11425
    },
    "24": {
      "L": -0.0187,
      "M": 12.3441,
      "S": 0.11483
    },
    "25": {
      "L": -0.0239,
      "M": 12.5442,
      "S": 0.11544
    },
    "26": {
      "L": -0.0288,
      "M": 12.735,
      "S": 0.11602
    },
    "27": {
      "L": -0.0337,
      "M": 12.9288,
      "S": 0.11663
    },
    "28": {
      "L": -0.0384,
      "M": 13.1127,
      "S": 0.11721
    },
    "29": {
      "L": -0.0431,
      "M": 13.2993,
      "S": 0.11781
    },
    "30": {
      "L": -0.0475,
      "M": 13.4765,
      "S": 0.11838
    },
    "31": {
      "L": -0.052,
      "M": 13.6567,
      "S": 0.11896
    },
    "32": {
      "L": -0.0563,
      "M": 13.8285,
      "S": 0.11952
    },
    "33": {
      "L": -0.0605,
      "M": 13.9982,
      "S": 0.12007
    },
    "34": {
      "L": -0.0648,
      "M": 14.1719,
      "S": 0.12062
    },
    "35": {
      "L": -0.0688,
      "M": 14.3387,
      "S": 0.12115
    },
    "36": {
      "L": -0.0729,
      "M": 14.5102,
      "S": 0.12168
    },
    "37": {
      "L": -0.0768,
      "M": 14.6756,
      "S": 0.12219
    },
    "38": {
      "L": -0.0808,
      "M": 14.8462,
      "S": 0.12271
    },
    "39": {
      "L": -0.0845,
      "M": 15.0112,
      "S": 0.12321
    },
    "40": {
      "L": -0.0883,
      "M": 15.1816,
      "S": 0.12373
    },
    "41": {
      "L": -0.092,
      "M": 15.3465,
      "S": 0.12424
    },
    "42": {
      "L": -0.0956,
      "M": 15.5113,
      "S": 0.12476
    },
    "43": {
      "L": -0.0992,
      "M": 15.6815,
      "S": 0.12531
    },
    "44": {
      "L": -0.1027,
      "M": 15.8459,
      "S": 0.12585
    },
    "45": {
      "L": -0.1063,
      "M": 16.0156,
      "S": 0.12642
    },
    "46": {
      "L": -0.1097,
      "M": 16.1796,
      "S": 0.12699
    },
    "47": {
      "L": -0.1131,
      "M": 16.3489,
      "S": 0.12759
    },
    "48": {
      "L": -0.1164,
      "M": 16.5126,
      "S": 0.12818
    },
    "49": {
      "L": -0.1197,
      "M": 16.6763,
      "S": 0.12879
    },
    "50": {
      "L": -0.123,
      "M": 16.8454,
      "S": 0.12942
    },
    "51": {
      "L": -0.1262,
      "M": 17.0091,
      "S": 0.13004
    },
    "52": {
      "L": -0.1294,
      "M": 17.1782,
      "S": 0.13068
    },
    "53": {
      "L": -0.1325,
      "M": 17.3418,
      "S": 0.13131
    },
    "54": {
      "L": -0.1356,
      "M": 17.5107,
      "S": 0.13196
    },
    "55": {
      "L": -0.1387,
      "M": 17.674,
      "S": 0.1326
    },
    "56": {
      "L": -0.1417,
      "M": 17.8425,
      "S": 0.13325
    },
    "57": {
      "L": -0.1447,
      "M": 18.0053,
      "S": 0.13389
    },
    "58": {
      "L": -0.1476,
      "M": 18.1678,
      "S": 0.13452
    },
    "59": {
      "L": -0.1506,
      "M": 18.3352,
      "S": 0.13517
    },
    "60": {
      "L": -0.1534,
      "M": 18.4968,
      "S": 0.1358
    }
  },
  "P": {
    "0": {
      "L": 0.1727,
      "M": 4.1716,
      "S": 0.13738
    },
    "1": {
      "L": 0.098,
      "M": 5.1049,
      "S": 0.13015
    },
    "2": {
      "L": 0.0407,
      "M": 5.8393,
      "S": 0.12622
    },
    "3": {
      "L": -0.004,
      "M": 6.4108,
      "S": 0.12406
    },
    "4": {
      "L": -0.0428,
      "M": 6.8959,
      "S": 0.12274
    },
    "5": {
      "L": -0.0749,
      "M": 7.2894,
      "S": 0.12205
    },
    "6": {
      "L": -0.1039,
      "M": 7.6416,
      "S": 0.12178
    },
    "7": {
      "L": -0.1284,
      "M": 7.9439,
      "S": 0.1218
    },
    "8": {
      "L": -0.1501,
      "M": 8.2172,
      "S": 0.12198
    },
    "9": {
      "L": -0.1698,
      "M": 8.4769,
      "S": 0.12222
    },
    "10": {
      "L": -0.1867,
      "M": 8.713,
      "S": 0.12246
    },
    "11": {
      "L": -0.2022,
      "M": 8.9462,
      "S": 0.12267
    },
    "12": {
      "L": -0.2155,
      "M": 9.165,
      "S": 0.12283
    },
    "13": {
      "L": -0.2277,
      "M": 9.3861,
      "S": 0.12294
    },
    "14": {
      "L": -0.2382,
      "M": 9.5968,
      "S": 0.12299
    },
    "15": {
      "L": -0.2478,
      "M": 9.8124,
      "S": 0.12303
    },
    "16": {
      "L": -0.2561,
      "M": 10.0196,
      "S": 0.12305
    },
    "17": {
      "L": -0.2635,
      "M": 10.2255,
      "S": 0.12309
    },
    "18": {
      "L": -0.2702,
      "M": 10.4372,
      "S": 0.12315
    },
    "19": {
      "L": -0.2761,
      "M": 10.6413,
      "S": 0.12323
    },
    "20": {
      "L": -0.2814,
      "M": 10.8521,
      "S": 0.12335
    },
    "21": {
      "L": -0.2861,
      "M": 11.0565,
      "S": 0.1235
    },
    "22": {
      "L": -0.2903,
      "M": 11.2684,
      "S": 0.12369
    },
    "23": {
      "L": -0.294,
      "M": 11.4741,
      "S": 0.12389
    },
    "24": {
      "L": -0.2974,
      "M": 11.6799,
      "S": 0.12413
    },
    "25": {
      "L": -0.3005,
      "M": 11.8922,
      "S": 0.12441
    },
    "26": {
      "L": -0.3032,
      "M": 12.0961,
      "S": 0.12471
    },
    "27": {
      "L": -0.3057,
      "M": 12.3042,
      "S": 0.12506
    },
    "28": {
      "L": -0.308,
      "M": 12.5028,
      "S": 0.12544
    },
    "29": {
      "L": -0.3101,
      "M": 12.7047,
      "S": 0.12587
    },
    "30": {
      "L": -0.312,
      "M": 12.897,
      "S": 0.12632
    },
    "31": {
      "L": -0.3138,
      "M": 13.093,
      "S": 0.12683
    },
    "32": {
      "L": -0.3155,
      "M": 13.2809,
      "S": 0.12736
    },
    "33": {
      "L": -0.3171,
      "M": 13.4677,
      "S": 0.12792
    },
    "34": {
      "L": -0.3186,
      "M": 13.6599,
      "S": 0.12854
    },
    "35": {
      "L": -0.3201,
      "M": 13.8456,
      "S": 0.12918
    },
    "36": {
      "L": -0.3216,
      "M": 14.0373,
      "S": 0.12987
    },
    "37": {
      "L": -0.3229,
      "M": 14.2226,
      "S": 0.13058
    },
    "38": {
      "L": -0.3243,
      "M": 14.4136,
      "S": 0.13134
    },
    "39": {
      "L": -0.3257,
      "M": 14.5979,
      "S": 0.13211
    },
    "40": {
      "L": -0.327,
      "M": 14.7877,
      "S": 0.13294
    },
    "41": {
      "L": -0.3283,
      "M": 14.9704,
      "S": 0.13375
    },
    "42": {
      "L": -0.3296,